File Name,Sharable Link,,,,,,
100 Excel Interview Questions And Answers.pdf,https://drive.google.com/file/d/1lIUt2lUcjGKbbEYtTM4RiRdty-J7RZg1/view?usp=sharing,,,,,,\\
100 Python Interview Questions -1.pdf,https://drive.google.com/file/d/1qIBWFzWq2rD4z_kiF05_helUfraStbc7/view?usp=sharing,,,,,,
140 Baic Python Programs.pdf,https://drive.google.com/file/d/1jJXhW3z-GrUFz19XBNHEiSFI3kYNk5k0/view?usp=sharing,,,,,,
230 PowerBI Interview Questions .pdf,https://drive.google.com/file/d/1QuHSoFz8Ex4MAC-5sOgp2ErbVZFKGHFj/view?usp=sharing,,,,,,
800 SQL Interview Queries .pdf,https://drive.google.com/file/d/1ERoSzUWgXqSxAkJ2bTNoCogX4bk8Vlvg/view?usp=sharing,,,,,,
Accenture Data Analyst Interview Questions .pdf,https://drive.google.com/file/d/1r40lE-scLqGu7APCTLb6SmsFKZSU43C5/view?usp=sharing,,,,,,
Amazon & Myntra Data Analyst interview Questions. .pdf,https://drive.google.com/file/d/1eVF7AgGEEkhdkKYXh6EP1HkeTuri9B9C/view?usp=sharing,,,,,,
Amazon Data Analyst Interview Questions .pdf,https://drive.google.com/file/d/1GkYzW-m5i1nIvi1qBVFB8uU1a9dK68qe/view?usp=sharing,,,,,,
American Express Data Analyst Interview QnA .pdf,https://drive.google.com/file/d/14ngSL6cm4DFuopwqrIvk1cif5YJyrwdR/view?usp=sharing,,,,,,
Blinkit & Zepto interview questions .pdf,https://drive.google.com/file/d/1Qpq3t1qkNLPGaKxoxq8nMlbUASvemF3R/view?usp=sharing,,,,,,
Blinkit_Power_BI_Developer_Interview_Questions_pdf_20250807_185016.pdf,https://drive.google.com/file/d/1jDTGVR-BaAA-RMUlPreFdaK1EgAmBS1-/view?usp=sharing,,,,,,
COGNIZANT DATA ANALYST INTERVIEW QUESTIONS .pdf,https://drive.google.com/file/d/1nQsUxHTWAN7g4zOpX_iZQHfUu6FHClu5/view?usp=sharing,,,,,,
COGNIZANT_Data_Analyst_Interview_Questions_Part_2_pdf_20250809_183435.pdf,https://drive.google.com/file/d/17STBZTG5yLEjNyET0I9RXmWH6rS1hlID/view?usp=sharing,,,,,,
Deloitte Data Analyst Interview Questions .pdf,https://drive.google.com/file/d/1_fwE9nAO_sBl8akYeOdhBoPbzxaRv4Qk/view?usp=sharing,,,,,,
Excel Formulas for Data Analysts.pdf,https://drive.google.com/file/d/1s3BqsIIJxwCf1xyoA5qzFvjDTftWp1Fh/view?usp=sharing,,,,,,
Exl Latest Data Analyst Interviews Questions✅.pdf,https://drive.google.com/file/d/1RZjkeBLaXkP-LJsvBtCLywAzV9Y8kaLE/view?usp=sharing,,,,,,
Flipkart Data Analyst Interview Questions .pdf,https://drive.google.com/file/d/1ezyK2H62wOxPXVMgclXk7MtZ00gUNCuT/view?usp=sharing,,,,,,
FLIPKART ZOMATO Data Analyst Interview Questions.pdf,https://drive.google.com/file/d/1fJz5Na9DVDM6TmGnbT547gjz6oHYg91q/view?usp=sharing,,,,,,
Ford Motor Data Analyst Interview Questions.pdf,https://drive.google.com/file/d/1w_B34dxOUlBmWcyYRfPzSfCmDVuZqyD_/view?usp=sharing,,,,,,
Goldman Sachs Python Interview Questions .pdf,https://drive.google.com/file/d/1beeHsop455mqV6WzGn7nDqEAEFqvsoff/view?usp=sharing,,,,,,
Google Data Analyst Interview Questions.pdf,https://drive.google.com/file/d/1pfMvHKCGm2xBeHGQelu1gZ3s3W_4BD85/view?usp=sharing,,,,,,
HCL Power BI Developer Interview Questions.pdf,https://drive.google.com/file/d/1PQW61UPjb-nUOHp4sVoX2_qkqLGdG6Er/view?usp=sharing,,,,,,
KPMG Data Analyst Interview Questions -1.pdf,https://drive.google.com/file/d/1cFPm5rJnei2saBxKUuqIr3LNAhpu9D4L/view?usp=sharing,,,,,,
KPMG Data Analyst Interview Questions .pdf,https://drive.google.com/file/d/15C6ywWnOtn5uXa_r5JTuHspGMstm7AAZ/view?usp=sharing,,,,,,
KPMG Data Analyst Interview Questions 🚀.pdf,https://drive.google.com/file/d/1pvDjPGKU8sJ6F8_Bh2wMjxG6s19kIYFR/view?usp=sharing,,,,,,
LeetCode Problems.pdf,https://drive.google.com/file/d/1wh5b2z3UJlIA5TVn-rHu94A6BmwA3l58/view?usp=sharing,,,,,,
Most Asked SQL Interview Questions at MAANG Companies.pdf,https://drive.google.com/file/d/1s7HBlGEITsxSa37e0UfrGYW3w8qW95sL/view?usp=sharing,,,,,,
MYNTRA Data Analyst Interview Questions 🔥.pdf,https://drive.google.com/file/d/19ZrStwWNvpOrbGCdPbK1xzvZ44Xped_j/view?usp=sharing,,,,,,
PhonePe Data Analyst Interview Questions .pdf,https://drive.google.com/file/d/12OmsAW2W_hQixvpcCmdxqhB5DB7wbXJ7/view?usp=sharing,,,,,,
PhonePe Data Analyst Interview Questions-1.pdf,https://drive.google.com/file/d/1EC2ulDoLU7Wvzn6NbTs-hfYaax5yQPc-/view?usp=sharing,,,,,,
Policy Bazaar Data Analyst Interview Questions .pdf,https://drive.google.com/file/d/18M8xT7oE4_rurDaz45gPi5LiTMit20Ex/view?usp=sharing,,,,,,
Power BI Interview 50 Questions.pdf,https://drive.google.com/file/d/17poz0s1m6fzLSl0lePMKp0nQv3SWmyyT/view?usp=sharing,,,,,,
Power BI Interview Guide.pdf,https://drive.google.com/file/d/1dG7OWa-vmOJZAyBvg_wm14891vukHfI1/view?usp=sharing,,,,,,
PowerBI_Interview_Kit.pdf,https://drive.google.com/file/d/1IusO6ygyvaoKdZbsmz1ZXGcP-f44gj6e/view?usp=sharing,,,,,,
PowerBI_Interview_QnA.pdf,https://drive.google.com/file/d/1oMTBGrWkijt-hihQ0xvwKCEp_mdbXtV0/view?usp=sharing,,,,,,
SQL 300 Interview Questions -1.pdf,https://drive.google.com/file/d/10AwpWq_ljmZDgBl7LWWY9735wXK9Vgx7/view?usp=sharing,,,,,,
SQL Case Studies_ Flipkart_Zomato Interview Guide.pdf,https://drive.google.com/file/d/14h_HlmvQE9oscnxGvKSd01mqR3vONDj-/view?usp=sharing,,,,,,
SQL Interview kit.pdf,https://drive.google.com/file/d/1fRLfjv1ulZyVd9pMDAjsO2dOdfbwJjZ-/view?usp=sharing,,,,,,
SQL Interview Questions -2.pdf,https://drive.google.com/file/d/1bcNueR-TzGTwKEyNmOaN9T_gHGCO6dPJ/view?usp=sharing,,,,,,
SQL Interview Questions Answers .pdf,https://drive.google.com/file/d/1A1zsfRGZRcdV8RruEg5nCJd7-1Cjp1yv/view?usp=sharing,,,,,,
SQL Interview Vault_ 70 Real-World Query Scenarios.pdf,https://drive.google.com/file/d/1M_r9TGhK2vWML3V4iWls_DCGzVOIifLm/view?usp=sharing,,,,,,
TCS_Data_Analyst_Interview_Questions_and_Answers_2025_1754659557.pdf,https://drive.google.com/file/d/1qg3RZUzM3upu_cd_6R4EISvPNPcNmfpp/view?usp=sharing,,,,,,
TCS_Data_Analyst_Interview_Questions_pdf_20250728_180242_0000.pdf,https://drive.google.com/file/d/1NnMBZsH2BYzw-Jkw-4PYiuFJ-GaIO3rN/view?usp=sharing,,,,,,
Tiger_Analytics_Power_BI_developer_Interview_Questions_pdf_20250804.pdf,https://drive.google.com/file/d/1KcskwXTWw6fFqbvdRHXuis-rYE4MLGsm/view?usp=sharing,,,,,,
Top 150 Python Interview Questions with Solution.pdf,https://drive.google.com/file/d/1yP8PumdcxaV_DOSXWMNb8-XFvRSkQSXH/view?usp=sharing,,,,,,
Wipro Data Analyst Interview Questions .pdf,https://drive.google.com/file/d/1ixFmByPHykORdOD6iHKTSm4MJd5Ka8by/view?usp=sharing,,,,,,
ZOMATO SQL Interview Questions.pdf,https://drive.google.com/file/d/1Y5mNmkJp4devg341I_xoFAHADYklZl_0/view?usp=sharing,,,,,,